label,angle,planeity
E01,3.01178,6.37477
E02,-2.22220,0.01417
E03,6.27285,0.47521
E04,-2.21760,0.23269
E05,4.55253,1.63316
E07,4.42051,1.93747
E08,-2.21932,0.09959
E09,3.72281,0.16453
E10,-2.21906,0.22465
E11,3.73016,0.33209
