label,angle,planeity
E02,2.06338,79.85044
E04,3.91616,78.80086
E08,-4.18230,78.29641
